Whole_kids,2013 5 10,Whole Kids
dumbofeather,2013 6 3,Dumbo Feather
HITnet_au,2013 6 13,HITnet
ImpactINV,2013 8 30,Impact Investment
sharkislandAUS,2013 10 15,Shark Island
thehenleyclub,2013 10 22,Henley Club
hello_interface,2014 1 7,Interface Sustainable
OpenJournalAU,2014 1 27,Neometro
talentnationaus,2014 1 29,Talent Nation
austethical,2014 2 6,Ethical Investment
ecovantage,2014 3 13,Ecovantage
TuShareAus,2014 3 31,TuShare
wildwonprojects,2014 5 30,Wildwon
rehotravel,2014 6 6,Reho
pangolinassoc,2014 6 25,Pangolin
ProBonoAust,2014 7 14,Bono
Ethinvest_AU,2014 7 29,Ethinvest
VITALCONSULT_AU,2014 8 9,Vital Consult
361D,2014 8 10,Degrees Stakeholder
serversaurus,2014 8 12,Arktisma